Dr. Ikramullah,https://www.practo.com/vellore/doctor/dr-ikram-pediatrician?practice_id=839197&specialization=General%20Physician&referrer=doctor_listing&page_uid=0ba5d8f0-1e94-4442-bd06-8e6e78f74b63
Dr. L.Karthikeyan,https://www.practo.com/vellore/doctor/karthikeyan-16-general-physician-1?practice_id=1341187&specialization=General%20Physician&referrer=doctor_listing&page_uid=0ba5d8f0-1e94-4442-bd06-8e6e78f74b63
Dr. Faizan Ahmed,https://www.practo.com/vellore/doctor/faizan-ahmed-general-physician-1-dentist?practice_id=1292102&specialization=General%20Physician&referrer=doctor_listing&page_uid=0ba5d8f0-1e94-4442-bd06-8e6e78f74b63
Dr. Mugunthan,https://www.practo.com/vellore/doctor/mugunthan-general-physician?practice_id=1272753&specialization=General%20Physician&referrer=doctor_listing&page_uid=0ba5d8f0-1e94-4442-bd06-8e6e78f74b63
Dr. M Ilayaraja,https://www.practo.com/vellore/doctor/drilayarajamani-gmail-com-homeopath?practice_id=844614&specialization=Homoeopath&referrer=doctor_listing&page_uid=e05b4aa1-d4f9-45f3-99db-7164e857c561
Dr. Praveen,https://www.practo.com/vellore/doctor/dr-praveen-104-homoeopath?practice_id=1208813&specialization=Homoeopath&referrer=doctor_listing&page_uid=e05b4aa1-d4f9-45f3-99db-7164e857c561
Dr. R.K.Jayaraman,https://www.practo.com/vellore/doctor/dr-r-k-jayaraman-homoeopath?practice_id=1318198&specialization=Homoeopath&referrer=doctor_listing&page_uid=e05b4aa1-d4f9-45f3-99db-7164e857c561
Dr. Ajay Kumar,https://www.practo.com/vellore/doctor/dr-s-ajay-kumar-homoeopath?practice_id=1194668&specialization=Homoeopath&referrer=doctor_listing&page_uid=e05b4aa1-d4f9-45f3-99db-7164e857c561
Dr. M. Kanimozhi,https://www.practo.com/vellore/doctor/m-kanimozhi-general-physician?practice_id=1377964&specialization=Homoeopath&referrer=doctor_listing&page_uid=e05b4aa1-d4f9-45f3-99db-7164e857c561
Dr. D. Dharani,https://www.practo.com/vellore/doctor/d-dharani-homeopath?practice_id=1027346&specialization=Homoeopath&referrer=doctor_listing&page_uid=e05b4aa1-d4f9-45f3-99db-7164e857c561
Dr. Meghana Munaf,https://www.practo.com/vellore/doctor/meghana-munaf-dermatologist?practice_id=1178056&specialization=Dermatologist&referrer=doctor_listing&page_uid=aa7bf175-a4fd-4159-bd9b-dcef280dd1e6
Dr. Yoganandhini,https://www.practo.com/vellore/doctor/yoganandhini-dermatologist?practice_id=1324065&specialization=Dermatologist&referrer=doctor_listing&page_uid=aa7bf175-a4fd-4159-bd9b-dcef280dd1e6
Dr. Mahalakshmi Saravanan,https://www.practo.com/vellore/doctor/drmahalakshmi-saravanan-gynecologist-obstetrician?practice_id=1139151&specialization=Gynecologist&referrer=doctor_listing&page_uid=c1ba040d-a84a-4fe8-b211-53d53d59fc99
Dr. Amrin,https://www.practo.com/vellore/doctor/amrin-radiologist-1?practice_id=1379973&specialization=Gynecologist&referrer=doctor_listing&page_uid=c1ba040d-a84a-4fe8-b211-53d53d59fc99
Dr. Aarthy,https://www.practo.com/vellore/doctor/dr-aarthy-4-gynecologist-obstetrician?practice_id=1402283&specialization=Gynecologist&referrer=doctor_listing&page_uid=c1ba040d-a84a-4fe8-b211-53d53d59fc99
Dr. Vinita Vyas,https://www.practo.com/vellore/doctor/dr-vinita-vyas-gynecologist-obstetrician?practice_id=1139151&specialization=Gynecologist&referrer=doctor_listing&page_uid=c1ba040d-a84a-4fe8-b211-53d53d59fc99
Dr. G Buvaneswari,https://www.practo.com/vellore/doctor/gbr-clinic-gynecologist-obstetrician-1?practice_id=1274651&specialization=Gynecologist&referrer=doctor_listing&page_uid=c1ba040d-a84a-4fe8-b211-53d53d59fc99
Dr. Sangamithirai,https://www.practo.com/vellore/doctor/sri-sai-varma-ayurvedalaya-ayurvedic-general-medicine?practice_id=1365022&specialization=Ayurveda&referrer=doctor_listing&page_uid=29a346cf-52e5-4125-a924-26ca6a42fd29
Dr. Nagaraj K,https://www.practo.com/vellore/doctor/nagaraj-k-ear-nose-throat-ent-specialist?practice_id=1344000&specialization=Ear-nose-throat%20(ent)%20specialist&referrer=doctor_listing&page_uid=4827d725-207f-40df-92f7-503f4e5732be
Dr. Sudhakar,https://www.practo.com/vellore/doctor/dr-sudhakar-15-endocrinologist?practice_id=757045&specialization=Diabetologist&referrer=doctor_listing&page_uid=fcb5d50f-91a0-4815-9fe6-20beb224436d
